逢沢一郎,衆議院議員,自由民主党,岡山1区,,1954/6/10,衆議院議員総会 副会長,empty
青山周平,衆議院議員,自由民主党,愛知12区,,1977/4/28,,empty
赤澤亮正,衆議院議員,自由民主党,鳥取2区,,1960/12/18,,empty
あかま二郎,衆議院議員,自由民主党,神奈川14区,,1968/3/27,,empty
秋葉賢也,衆議院議員,自由民主党,宮城2区,,1962/7/3,情報調査局長,empty
秋本真利,衆議院議員,自由民主党,千葉9区,,1975/8/10,副幹事長,empty
東国幹,衆議院議員,自由民主党,北海道6区,,1968/2/17,,empty
畦元将吾,衆議院議員,自由民主党,,中国ブロック,1958/4/30,,empty
麻生太郎,衆議院議員,自由民主党,福岡8区,,1940/9/20,副総裁,empty
安倍晋三,衆議院議員,自由民主党,山口4区,,1954/9/21,,empty
あべ俊子,衆議院議員,自由民主党,岡山3区,,1959/5/19,,empty
甘利明,衆議院議員,自由民主党,神奈川13区,,1949/8/27,,empty
五十嵐清,衆議院議員,自由民主党,栃木2区,,1969/12/14,,empty
池田佳隆,衆議院議員,自由民主党,愛知3区,,1966/6/20,文部科学副大臣、内閣府 副大臣,empty
石井拓,衆議院議員,自由民主党,愛知13区,,1965/4/11,,empty
石川昭政,衆議院議員,自由民主党,茨城5区,,1972/9/18,経済産業部会長,empty
石田真敏,衆議院議員,自由民主党,和歌山2区,,1952/4/11,,empty
石破茂,衆議院議員,自由民主党,鳥取1区,,1957/2/4,,empty
石橋林太郎,衆議院議員,自由民主党,,中国ブロック,1978/5/2,,empty
石原宏高,衆議院議員,自由民主党,東京3区,,1964/6/19,,empty
石原正敬,衆議院議員,自由民主党,三重3区,,1971/11/29,,empty
泉田裕彦,衆議院議員,自由民主党,新潟5区,,1962/9/15,国土交通大臣政務官、復興大臣政務官、内閣府大臣政務官,empty
井出庸生,衆議院議員,自由民主党,長野3区,,1977/11/21,厚生労働部会長代理,empty
伊藤信太郎,衆議院議員,自由民主党,宮城4区,,1953/5/6,政務調査会長代理,empty
伊藤忠彦,衆議院議員,自由民主党,愛知8区,,1964/7/11,,empty
伊藤達也,衆議院議員,自由民主党,東京22区,,1961/7/6,,empty
伊東良孝,衆議院議員,自由民主党,北海道7区,,1948/11/24,,empty
稲田朋美,衆議院議員,自由民主党,福井1区,,1959/2/20,,empty
井野俊郎,衆議院議員,自由民主党,群馬2区,,1980/1/8,,empty
井上信治,衆議院議員,自由民主党,東京25区,,1969/10/7,国際局長代理、広告本部長代理,empty
井上貴博,衆議院議員,自由民主党,福岡1区,,1962/4/2,副幹事長,empty
井林辰憲,衆議院議員,自由民主党,静岡2区,,1976/7/18,新聞出版局長代理、財務金融部会長,empty
井原巧,衆議院議員,自由民主党,愛媛3区,,1963/11/13,,empty
今枝宗一郎,衆議院議員,自由民主党,愛知14区,,1984/2/18,内閣第二部会長代理,empty
今村雅弘,衆議院議員,自由民主党,,九州ブロック,1947/1/5,,empty
岩田和親,衆議院議員,自由民主党,佐賀1区,,1973/9/20,経済産業大臣政務官、復興大臣財務官、内閣府大臣政務官,empty
岩屋毅,衆議院議員,自由民主党,大分3区,,1957/8/24,,empty
上杉謙太郎,衆議院議員,自由民主党,福島3区,,1975/4/20,外務大臣政務官,empty
上田英俊,衆議院議員,自由民主党,富山2区,,1965/1/22,,empty
うえの賢一郎,衆議院議員,自由民主党,滋賀2区,,1965/8/3,,empty
江崎鉄磨,衆議院議員,自由民主党,愛知10区,,1943/9/17,総務会長代理,empty
江渡聡徳,衆議院議員,自由民主党,青森1区,,1955/10/12,北朝鮮核実験・ミサイル問題対策本部長,empty
衛藤征士郎,衆議院議員,自由民主党,大分2区,,1941/4/29,,empty
江藤拓,衆議院議員,自由民主党,宮城2区,,1960/7/1,財務調査会長代理,empty
遠藤利明,衆議院議員,自由民主党,山形1区,,1950/1/17,選挙対策委員長,empty
大岡敏孝,衆議院議員,自由民主党,滋賀1区,,1972/4/16,環境副大臣,empty
大串正樹,衆議院議員,自由民主党,兵庫6区,,1966/1/20,厚生労働部会長代理,empty
大塚拓,衆議院議員,自由民主党,埼玉9区,,1973/6/14,,empty
大西英男,衆議院議員,自由民主党,東京16区,,1946/8/28,副幹事長,empty
大野敬太郎,衆議院議員,自由民主党,香川3区,,1968/11/1,内閣府 副大臣,empty
奥野信亮,衆議院議員,自由民主党,,近畿ブロック,1944/3/5,,empty
小倉將信,衆議院議員,自由民主党,東京23区,,1981/5/30,青年局長,empty
尾崎正直,衆議院議員,自由民主党,高知県2区,,1967/9/14,,empty
小里泰弘,衆議院議員,自由民主党,鹿児島3区,,1958/9/29,,empty
小田原潔,衆議院議員,自由民主党,東京21区,,1964/5/23,外務副大臣,empty
越智隆雄,衆議院議員,自由民主党,東京6区,,1964/2/27,,empty
鬼木誠,衆議院議員,自由民主党,福岡2区,,1972/10/16,防衛副大臣、内閣府 副大臣,empty
小野寺五典,衆議院議員,自由民主党,宮城6区,,1960/5/5,,empty
小渕優子,衆議院議員,自由民主党,群馬5区,,1973/12/11,組織運動本部長,empty
尾身朝子,衆議院議員,自由民主党,,北関東ブロック,1961/4/26,情報・通信関係団体委員長,empty
柿沢未途,衆議院議員,自由民主党,東京15区,,1971/1/21,,empty
梶山弘志,衆議院議員,自由民主党,茨城4区,,1955/10/18,幹事長代行,empty
勝俣孝明,衆議院議員,自由民主党,静岡6区,,1976/4/7,政務調査会 副会長,empty
勝目康,衆議院議員,自由民主党,京都1区,,1974/5/17,,empty
加藤鮎子,衆議院議員,自由民主党,山形3区,,1979/4/19,国土交通大臣政務官,empty
加藤勝信,衆議院議員,自由民主党,岡山5区,,1955/11/22,,empty
加藤龍祥,衆議院議員,自由民主党,長崎2区,,1980/2/10,,empty
門山宏哲,衆議院議員,自由民主党,千葉1区,,1964/9/3,副幹事長,empty
金子俊平,衆議院議員,自由民主党,岐阜4区,,1978/5/28,副幹事長,empty
金子恭之,衆議院議員,自由民主党,熊本4区,,1961/2/27,総務大臣,empty
金田勝年,衆議院議員,自由民主党,秋田2区,,1949/10/4,,empty
上川陽子,衆議院議員,自由民主党,静岡1区,,1953/3/1,幹事長代理,empty
亀岡偉民,衆議院議員,自由民主党,福島1区,,1955/9/10,副幹事長,empty
川崎ひでと,衆議院議員,自由民主党,三重2区,,1981/11/4,,empty
菅家一郎,衆議院議員,自由民主党,福島4区,,1955/5/20,環境部会長代理,empty
神田憲次,衆議院議員,自由民主党,愛知5区,,1963/2/19,財務金融部会長代理,empty
神田潤一,衆議院議員,自由民主党,青森2区,,1970/9/27,,empty
城内実,衆議院議員,自由民主党,静岡7区,,1965/4/19,,empty
黄川田仁志,衆議院議員,自由民主党,埼玉3区,,1970/10/13,,empty
岸信夫,衆議院議員,自由民主党,山口2区,,1959/4/1,防衛大臣,empty
岸田文雄,衆議院議員,自由民主党,広島1区,,1957/7/29,内閣総理大臣、総裁、新しい資本主義実行本部長,empty
北村誠吾,衆議院議員,自由民主党,長崎4区,,1947/1/29,,empty
木原誠二,衆議院議員,自由民主党,東京20区,,1970/6/8,内閣官房 副長官,empty
木原稔,衆議院議員,自由民主党,熊本1区,,1969/8/12,政務調査会 副会長(事務局長),empty
木村次郎,衆議院議員,自由民主党,青森3区,,1967/12/16,国土交通大臣政務官,empty
工藤彰三,衆議院議員,自由民主党,愛知4区,,1964/12/8,内閣第一部会長,empty
国定勇人,衆議院議員,自由民主党,新潟4区,,1972/8/30,,empty
国光あやの,衆議院議員,自由民主党,茨城6区,,1979/3/20,,empty
熊田裕通,衆議院議員,自由民主党,愛知1区,,1964/8/28,法務部会長代理,empty
小泉進次郎,衆議院議員,自由民主党,神奈川11区,,1981/4/14,総務会長代理,empty
小泉龍司,衆議院議員,自由民主党,埼玉11区,,1952/9/17,国際局長代理,empty
河野太郎,衆議院議員,自由民主党,神奈川15区,,1963/1/10,広報本部長,empty
高村正大,衆議院議員,自由民主党,山口1区,,1970/11/14,財務大臣政務官,empty
古賀篤,衆議院議員,自由民主党,福岡3区,,1972/7/14,厚生労働副大臣,empty
國場幸之助,衆議院議員,自由民主党,沖縄1区,,1973/1/10,経済産業部会長代理,empty
小島敏文,衆議院議員,自由民主党,広島6区,,1950/9/7,国土交通部会長,empty
小寺裕雄,衆議院議員,自由民主党,滋賀4区,,1960/9/18,内閣府大臣政務官,empty
後藤茂之,衆議院議員,自由民主党,長野4区,,1955/12/9,厚生労働大臣,empty
後藤田正純,衆議院議員,自由民主党,徳島1区,,1969/8/5,,empty
小林茂樹,衆議院議員,自由民主党,なら1区,,1964/10/9,社会教育・宗教関係団体委員長,empty
小林鷹之,衆議院議員,自由民主党,千葉2区,,1974/11/29,経済安全保障担当 大臣、内閣府特命担当（科学技術政策、宇宙政策） 大臣,empty
小林史明,衆議院議員,自由民主党,広島7区,,1983/4/8,デジタル副大臣、内閣府 副大臣,empty
小森卓郎,衆議院議員,自由民主党,石川1区,,1970/5/21,,empty
齋藤健,衆議院議員,自由民主党,千葉７区,,1959/6/14,団体総局長,empty
斎藤洋明,衆議院議員,自由民主党,新潟３区,,1976/12/8,国土・建設関係団体委員長,empty
坂井学,衆議院議員,自由民主党,神奈川５区,,1965/9/4,,empty
坂本哲志,衆議院議員,自由民主党,熊本３区,,1950/11/6,副幹事長、組織運動本部長代理,empty
桜田義孝,衆議院議員,自由民主党,千葉８区,,1949/12/20,,empty
笹川博義,衆議院議員,自由民主党,群馬３区,,1966/8/29,副幹事長,empty
佐々木紀,衆議院議員,自由民主党,石川２区,,1974/10/18,,empty
佐藤勉,衆議院議員,自由民主党,栃木４区,,1952/6/20,,empty
塩崎彰久,衆議院議員,自由民主党,愛知１区,,1976/9/9,,empty
塩谷立,衆議院議員,自由民主党,静岡８区,,1950/2/18,防衛委員長,empty
柴山昌彦,衆議院議員,自由民主党,埼玉８区,,1965/12/5,広報本部長代理,empty
島尻安伊子,衆議院議員,自由民主党,沖縄３区,,1965/3/4,,empty
下村博文,衆議院議員,自由民主党,東京１１区,,1954/5/23,中央政治大学院長,empty
新谷正義,衆議院議員,自由民主党,広島４区,,1975/3/8,副幹事長,empty
新藤義孝,衆議院議員,自由民主党,埼玉２区,,1958/1/20,政務調査会長代理、党紀委員会 副委員長,empty
菅義偉,衆議院議員,自由民主党,神奈川２区,,1948/12/6,,empty
杉田水脈,衆議院議員,自由民主党,,中国ブロック,1967/4/22,生活安全関係団体委員長,empty
鈴木英敬,衆議院議員,自由民主党,三重４区,,1974/8/15,,empty
鈴木馨祐,衆議院議員,自由民主党,神奈川７区,,1977/2/9,,empty
鈴木俊一,衆議院議員,自由民主党,岩手２区,,1953/4/13,財務大臣、内閣府特命担当大臣(金融)、デフレ脱却担当 大臣,empty
鈴木淳司,衆議院議員,自由民主党,愛知７区,,1958/4/7,報道局長,empty
鈴木貴子,衆議院議員,自由民主党,,北海道ブロック,1986/1/5,外務副大臣,empty
鈴木憲和,衆議院議員,自由民主党,山形２区,,1982/1/30,運輸・交通関係団体委員長、青年局長代理,empty
鈴木隼人,衆議院議員,自由民主党,東京10区,,1977/8/8,商工・中小企業関係団体委員長、女性局長代理,empty
関芳弘,衆議院議員,自由民主党,兵庫3区,,1965/6/7,,empty
薗浦健太郎,衆議院議員,自由民主党,千葉5区,,1972/6/3,,empty
平将明,衆議院議員,自由民主党,東京4区,,1967/2/21,ネットメディア局長,empty
高市早苗,衆議院議員,自由民主党,奈良2区,,1961/3/7,政務調査会長,empty
高階恵美子,衆議院議員,自由民主党,,中国ブロック,1963/12/21,,empty
高木啓,衆議院議員,自由民主党,東京ブロック,,1965/3/16,,empty
高木毅,衆議院議員,自由民主党,福井2区,,1956/1/16,国会対策委員長,empty
高木宏壽,衆議院議員,自由民主党,北海道3区,,1960/4/9,法務・自治関係団体委員長,empty
高鳥修一,衆議院議員,自由民主党,新潟6区,,1960/9/29,政務調査会長代理,empty
高見康裕,衆議院議員,自由民主党,島根2区,,1980/10/16,,empty
武井俊輔,衆議院議員,自由民主党,宮城1区,,1975/3/29,広報戦略局長代理,empty
武田良太,衆議院議員,自由民主党,福岡11区,,1968/4/1,,empty
武部新,衆議院議員,自由民主党,北海道12区,,1970/7/20,農林水産副大臣,empty
武村展英,衆議院議員,自由民主党,滋賀3区,,1972/1/21,総務部会長代理,empty
橘慶一郎,衆議院議員,自由民主党,富山3区,,1961/1/23,組織運動本部長代理,empty
田所嘉徳,衆議院議員,自由民主党,茨城1区,,1954/1/19,総務部会長,empty
田中和徳,衆議院議員,自由民主党,神奈川10区,,1949/1/21,幹事長代理,empty
田中英之,衆議院議員,自由民主党,京都4区,,1970/7/11,文部科学副大臣,empty
田中良生,衆議院議員,自由民主党,埼玉15区,,1963/11/11,,empty
棚橋泰文,衆議院議員,自由民主党,岐阜2区,,1963/2/11,行政改革推進本部長,empty
谷公一,衆議院議員,自由民主党,兵庫5区,,1952/1/28,政務調査会長代理,empty
谷川とむ,衆議院議員,自由民主党,大阪19区,,1976/4/27,ＮＰＯ・ＮＧＯ関係団体委員長,empty
谷川弥一,衆議院議員,自由民主党,長崎3区,,1941/8/12,,empty
田野瀬太道,衆議院議員,自由民主党,奈良3区,,1974/7/4,,empty
田畑裕明,衆議院議員,自由民主党,富山1区,,1973/1/2,総務副大臣,empty
田村憲久,衆議院議員,自由民主党,三重1区,,1964/12/15,,empty
塚田一郎,衆議院議員,自由民主党,新潟1区,,1963/12/27,,empty
辻清人,衆議院議員,自由民主党,東京2区,,1979/9/7,副幹事長、国防部会長代理,empty
津島淳,衆議院議員,自由民主党,,東北ブロック,1966/10/18,法務副大臣,empty
土田慎,衆議院議員,自由民主党,東京13区,,1990/10/30,,empty
土屋品子,衆議院議員,自由民主党,埼玉13区,,1952/2/9,,empty
寺田稔,衆議院議員,自由民主党,広島5区,,1958/1/24,内閣総理大臣補佐官(国家安全保障に関する重要政策及び核軍縮・不拡散問題担当),empty
土井亨,衆議院議員,自由民主党,宮城1区,,1958/8/12,,empty
渡海紀三朗,衆議院議員,自由民主党,兵庫10区,,1948/2/11,両院議員総会 副会長,empty
冨樫博之,衆議院議員,自由民主党,秋田1区,,1955/4/27,復興副大臣,empty
永岡桂子,衆議院議員,自由民主党,茨城7区,,1953/12/8,副幹事長,empty
中川貴元,衆議院議員,自由民主党,愛知2区,,1967/2/25,,empty
中川郁子,衆議院議員,自由民主党,北海道11区,,1958/12/22,農林水産関係団体委員長,empty
長坂康正,衆議院議員,自由民主党,愛知9区,,1957/4/10,厚生関係団体委員長、新聞出版局長代理,empty
長島昭久,衆議院議員,自由民主党,東京18区,,1962/2/17,,empty
中曽根康隆,衆議院議員,自由民主党,群馬1区,,1982/1/19,防衛大臣政務官、内閣府大臣政務官,empty
中谷元,衆議院議員,自由民主党,高知1区,,1957/10/14,内閣総理大臣補佐官(国際人権担当),empty
中谷真一,衆議院議員,自由民主党,山梨1区,,1976/9/30,,empty
中西健治,衆議院議員,自由民主党,神奈川3区,,1964/1/4,報道局長代理,empty
中根一幸,衆議院議員,自由民主党,埼玉6区,,1969/7/11,,empty
中野英幸,衆議院議員,自由民主党,埼玉7区,,1961/9/6,,empty
中村裕之,衆議院議員,自由民主党,北海道4区,,1961/2/23,農林水産副大臣,empty
中山展宏,衆議院議員,自由民主党,神奈川9区,,1968/9/16,国土交通副大臣,empty
二階俊博,衆議院議員,自由民主党,和歌山3区,,1939/2/17,国土強靭化推進本部長、2025年大阪・関西万博推進本部長,empty
西田昭二,衆議院議員,自由民主党,石川3区,,1969/5/1,,empty
西野太亮,衆議院議員,自由民主党,熊本2区,,1978/9/22,,empty
西村明宏,衆議院議員,自由民主党,宮城3区,,1960/7/16,副幹事長 (筆頭),empty
西村康稔,衆議院議員,自由民主党,兵庫9区,,1962/10/15,,empty
西銘恒三郎,衆議院議員,自由民主党,沖縄4区,,1954/8/7,復興大臣、福島原発事故再生総括担当 大臣、内閣府特命担当（沖縄及び北方対策） 大臣,empty
丹羽秀樹,衆議院議員,自由民主党,愛知6区,,1972/12/20,,empty
額賀福志郎,衆議院議員,自由民主党,茨城2区,,1944/1/11,東日本大震災復興加速化本部長、財政健全化推進本部長,empty
根本匠,衆議院議員,自由民主党,福岡2区,,1951/3/7,,empty
根本幸典,衆議院議員,自由民主党,愛知15区,,1965/2/21,農林部会長代理,empty
野田聖子,衆議院議員,自由民主党,岐阜1区,,1960/9/3,内閣府特命担当（地方創生、少子化対策、男女共同参画） 大臣、女性活躍担当 大臣、こども政策担当 大臣、孤独・孤立対策担当 大臣,empty
野中厚,衆議院議員,自由民主党,埼玉12区,,1976/11/17,,empty
萩生田光一,衆議院議員,自由民主党,東京24区,,1963/8/31,,empty
橋本岳,衆議院議員,自由民主党,岡山4区,,1974/2/5,,empty
長谷川淳二,衆議院議員,自由民主党,愛媛4区,,1968/8/5,,empty
鳩山二郎,衆議院議員,自由民主党,福岡6区,,1979/1/1,総務大臣政務官,empty
葉梨康弘,衆議院議員,自由民主党,茨城3区,,1959/10/12,政務調査会長代理,empty
浜田靖一,衆議院議員,自由民主党,千葉12区,,1955/10/21,,empty
林幹雄,衆議院議員,自由民主党,千葉10区,,1947/1/3,地方創生実行統合本部長,empty
林芳正,衆議院議員,自由民主党,山口3区,,1961/1/19,外務大臣,empty
平井卓也,衆議院議員,自由民主党,香川1区,,1958/1/25,広報本部長代理,empty
平口洋,衆議院議員,自由民主党,広島2区,,1948/8/1,,empty
平沢勝栄,衆議院議員,自由民主党,東京17区,,1945/9/4,国際局長,empty
平沼正二郎,衆議院議員,自由民主党,岡山3区,,1979/11/11,,empty
深澤陽一,衆議院議員,自由民主党,静岡4区,,1976/6/21,厚生労働大臣政務官,empty
福田達夫,衆議院議員,自由民主党,群馬4区,,1967/3/5,総務会長,empty
藤井ひさゆき,衆議院議員,自由民主党,兵庫4区,,1971/9/11,副幹事長,empty
藤丸敏,衆議院議員,自由民主党,福岡7区,,1960/1/19,外交部会長代理,empty
藤原崇,衆議院議員,自由民主党,岩手3区,,1983/8/2,財務大臣政務官,empty
船田元,衆議院議員,自由民主党,栃木1区,,1953/11/22,,empty
古川直季,衆議院議員,自由民主党,神奈川6区,,1968/8/31,,empty
古川康,衆議院議員,自由民主党,佐賀2区,,1958/7/15,財政・金融・証券関係団体委員長,empty
古川禎久,衆議院議員,自由民主党,宮城3区,,1965/8/3,法務大臣,empty
古屋圭司,衆議院議員,自由民主党,岐阜5区,,1952/11/1,政務調査会長代行、憲法改正実現本部長,empty
穂坂泰,衆議院議員,自由民主党,埼玉4区,,1974/2/17,環境大臣政務官、内閣府大臣政務官,empty
星野剛士,衆議院議員,自由民主党,神奈川12区,,1963/8/8,報道局長代理、内閣第一部会長代理,empty
細田健一,衆議院議員,自由民主党,新潟2区,,1964/7/11,経済産業副大臣、内閣府 副大臣,empty
細田博之,衆議院議員,自由民主党,島根1区,,1944/4/5,,empty
細野豪志,衆議院議員,自由民主党,静岡5区,,1971/8/21,,empty
堀井学,衆議院議員,自由民主党,北海道9区,,1972/2/19,水産部会長代理,empty
堀内詔子,衆議院議員,自由民主党,山梨2区,,1965/10/28,東京オリンピック競技大会・東京パラリンピック競技大会担当 大臣、ワクチン接種推進担当 大臣,empty
本田太郎,衆議院議員,自由民主党,京都5区,,1973/12/1,外務大臣政務官,empty
牧島かれん,衆議院議員,自由民主党,神奈川17区,,1976/11/1,デジタル大臣、行政改革担当 大臣、内閣府特命担当（規制改革） 大臣,empty
牧原秀樹,衆議院議員,自由民主党,埼玉5区,,1971/6/4,厚生労働部会長,empty
松島みどり,衆議院議員,自由民主党,東京14区,,1956/7/15,,empty
松野博一,衆議院議員,自由民主党,千葉3区,,1962/9/13,内閣官房長官、沖縄基地負担軽減担当大臣、拉致問題担当大臣,empty
松本剛明,衆議院議員,自由民主党,兵庫11区,,1959/4/25,,empty
松本尚,衆議院議員,自由民主党,千葉13区,,1962/6/3,,empty
松本洋平,衆議院議員,自由民主党,東京19区,,1973/8/31,副幹事長、広報戦略局長,empty
三谷英弘,衆議院議員,自由民主党,神奈川8区,,1976/6/28,教育・文化・スポーツ関係団体委員長、遊説局長代理,empty
三ッ林裕巳,衆議院議員,自由民主党,埼玉14区,,1955/9/7,,empty
御法川信英,衆議院議員,自由民主党,秋田3区,,1964/5/25,国会対策委員長代理,empty
宮内秀樹,衆議院議員,自由民主党,福岡4区,,1962/10/19,文部科学部会長代理,empty
宮崎政久,衆議院議員,自由民主党,沖縄2区,,1965/8/8,国土交通部会長代理,empty
宮澤博行,衆議院議員,自由民主党,静岡3区,,1975/1/10,国防部会長,empty
宮路拓馬,衆議院議員,自由民主党,鹿児島1区,,1979/12/6,内閣府大臣政務官,empty
宮下一郎,衆議院議員,自由民主党,長野5区,,1958/8/1,政務調査会長代理,empty
務台俊介,衆議院議員,自由民主党,長野2区,,1956/7/3,環境副大臣、内閣府 副大臣,empty
武藤容治,衆議院議員,自由民主党,岐阜3区,,1955/10/18,,empty
宗清皇一,衆議院議員,自由民主党,大阪13区,,1970/8/9,,empty
村井英樹,衆議院議員,自由民主党,埼玉1区,,1980/5/14,内閣総理大臣補佐官(国内経済その他特命事項担当),empty
村上誠一郎,衆議院議員,自由民主党,愛媛2区,,1952/5/11,,empty
茂木敏充,衆議院議員,自由民主党,栃木5区,,1955/10/7,幹事長、当改革実行本部長、「こども・若者」輝く未来創造本部長,empty
森英介,衆議院議員,自由民主党,千葉11区,,1948/8/31,労政局長,empty
森山裕,衆議院議員,自由民主党,鹿児島4区,,1945/4/8,総務会長代行、TPP・日EU・日米TAG等経済協定対策本部長,empty
盛山正仁,衆議院議員,自由民主党,兵庫1区,,1953/12/14,,empty
八木哲也,衆議院議員,自由民主党,愛知11区,,1947/8/10,,empty
保岡宏武,衆議院議員,自由民主党,,九州ブロック,1973/5/6,,empty
簗和生,衆議院議員,自由民主党,栃木3区,,1979/4/22,農林部会長,empty
柳本顕,衆議院議員,自由民主党,,近畿ブロック,1974/1/29,,empty
山際大志郎,衆議院議員,自由民主党,神奈川18区,,1968/9/12,経済再生担当 大臣、新しい資本主義 大臣、新型コロナ対策・健康危機管理担当 大臣、全世代型社会保障改革担当 大臣、内閣府特命担当大臣（経済財政政策）,empty
山口俊一,衆議院議員,自由民主党,徳島2区,,1950/2/28,,empty
山口晋,衆議院議員,自由民主党,埼玉10区,,1983/7/28,,empty
山口壯,衆議院議員,自由民主党,兵庫県12区,,1954/10/3,環境大臣、内閣府特命担当大臣(原子力防災),empty
山下貴司,衆議院議員,自由民主党,岡山2区,,1965/9/8,ネットメディア局長代理,empty
山田賢司,衆議院議員,自由民主党,兵庫7区,,1966/4/20,,empty
山田美樹,衆議院議員,自由民主党,東京1区,,1974/3/15,法務部会長,empty
山本左近,衆議院議員,自由民主党,,東海ブロック,1982/7/9,,empty
山本ともひろ,衆議院議員,自由民主党,神奈川4区,,1975/6/20,文部科学部会長,empty
山本有二,衆議院議員,自由民主党,,四国ブロック,1952/5/11,,empty
義家弘介,衆議院議員,自由民主党,神奈川16区,,1971/3/31,,empty
吉川赳,衆議院議員,自由民主党,静岡5区,,1982/4/7,労働関係団体委員長,empty
吉野正芳,衆議院議員,自由民主党,福島5区,,1948/8/8,,empty
若林健太,衆議院議員,自由民主党,長野1区,,1964/1/11,,empty
若宮健嗣,衆議院議員,自由民主党,東京5区,,1961/9/2,国際博覧会担当 大臣、共生社会担当 大臣、まち・ひと・しごと創生担当 大臣、内閣府特命担当（消費者および食品安全、クールジャパン戦略、知的財産戦略）大臣,empty
鷲尾英一郎,衆議院議員,自由民主党,,北陸信越ブロック,1977/1/3,副幹事長,empty
和田義明,衆議院議員,自由民主党,北海道5区,,1971/10/10,遊説局長,empty
渡辺孝一,衆議院議員,自由民主党,,北海道ブロック,1957/11/25,総務大臣政務官,empty
渡辺博道,衆議院議員,自由民主党,千葉6区,,1950/8/3,経理局長,empty
青木一彦,参議院議員,自由民主党,鳥取・島根,,1961/3/25,,empty
青山繁晴,参議院議員,自由民主党,比例,,1952/7/25,経済産業部会長代理,empty
赤池誠章,参議院議員,自由民主党,比例,,1961/7/19,内閣府 副大臣,empty
朝日健太郎,参議院議員,自由民主党,東京,,1975/9/19,ネットメディア局長代理,empty
足立敏之,参議院議員,自由民主党,比例,,1954/5/20,国土交通部会長代理,empty
阿達雅志,参議院議員,自由民主党,比例,,1959/9/27,国際局長代理、外交部会長代理,empty
有村治子,参議院議員,自由民主党,比例,,1970/9/21,参議院議員副会長,empty
石井準一,参議院議員,自由民主党,千葉,,1957/11/23,参議院幹事長代理、幹事長代理,empty
石井浩郎,参議院議員,自由民主党,秋田,,1964/6/21,参議院副幹事長、副幹事長,empty
石井正弘,参議院議員,自由民主党,岡山,,1945/11/29,経済産業副大臣、内閣府 副大臣,empty
石田昌宏,参議院議員,自由民主党,比例,,1967/5/20,,empty
いそざき仁彦,参議院議員,自由民主党,香川,,1957/9/8,内閣官房 副長官,empty
猪口邦子,参議院議員,自由民主党,千葉,,1952/5/3,一億総活躍推進本部長,empty
今井絵理子,参議院議員,自由民主党,比例,,1983/9/22,内閣第一部会長代理,empty
岩本剛人,参議院議員,自由民主党,北海道,,1964/10/19,防衛大臣政務官,empty
上野通子,参議院議員,自由民主党,栃木,,1958/4/21,政務調査会 副会長,empty
宇都隆史,参議院議員,自由民主党,比例,,1974/11/12,参議院政策審議会長代理、財務調査会長代理,empty
江島潔,参議院議員,自由民主党,山口,,1957/4/2,,empty
衛藤晟一,参議院議員,自由民主党,比例,,1947/10/1,労政局長代理、党紀委員長,empty
大家敏志,参議院議員,自由民主党,福岡,,1967/7/17,財務副大臣,empty
太田房江,参議院議員,自由民主党,大阪,,1951/6/26,参議院副幹事長、内閣第二部会長,empty
大野泰正,参議院議員,自由民主党,岐阜,,1959/5/31,参議院副幹事長、副幹事長、地方組織・議員総局長代理,empty
岡田直樹,参議院議員,自由民主党,石川,,1962/6/9,参議院国会対策委員長,empty
岡田広,参議院議員,自由民主党,茨城,,1947/1/31,両院議員総会 副会長,empty
小川克己,参議院議員,自由民主党,比例,,1951/8/31,,empty
尾辻秀久,参議院議員,自由民主党,鹿児島,,1940/10/2,両院議員総会長,empty
小野田紀美,参議院議員,自由民主党,岡山,,1982/12/7,,empty
加田裕之,参議院議員,自由民主党,兵庫,,1970/6/8,法務大臣政務官,empty
片山さつき,参議院議員,自由民主党,比例,,1959/5/9,総務会長代理,empty
金子原二郎,参議院議員,自由民主党,長崎,,1944/5/8,農林水産大臣,empty
北村経夫,参議院議員,自由民主党,山口,,1955/1/5,参議院副幹事長、副幹事長、広報本部長代理、財務金融部会長代理,empty
上月良祐,参議院議員,自由民主党,茨城,,1962/12/26,,empty
古賀友一郎,参議院議員,自由民主党,長崎,,1967/11/2,政務調査会 副会長,empty
こやり隆史,参議院議員,自由民主党,滋賀,,1966/9/9,,empty
酒井康行,参議院議員,自由民主党,愛知,,1952/2/14,,empty
佐藤啓,参議院議員,自由民主党,奈良,,1979/4/7,青年局長代理、内閣第二部会長代理,empty
佐藤信秋,参議院議員,自由民主党,比例,,1947/11/8,,empty
佐藤正久,参議院議員,自由民主党,比例,,1960/10/23,組織運動本部長代理、外交部会長,empty
山東昭子,参議院議員,自由民主党,比例,,1942/5/11,,empty
島村大,参議院議員,自由民主党,神奈川,,1960/8/11,厚生労働大臣政務官、内閣府大臣政務官,empty
自見はなこ,参議院議員,自由民主党,比例,,1976/2/15,女性局長,empty
清水真人,参議院議員,自由民主党,群馬,,1975/2/26,参議院副幹事長,empty
進藤金日子,参議院議員,自由民主党,比例,,1963/7/7,農林部会長代理,empty
末松信介,参議院議員,自由民主党,兵庫,,1955/12/17,文部科学大臣、教育再生担当 大臣,empty
関口昌一,参議院議員,自由民主党,埼玉,,1953/6/4,参議院議員会長,empty
世耕弘成,参議院議員,自由民主党,和歌山,,1962/11/9,参議院幹事長,empty
そのだ修光,参議院議員,自由民主党,比例,,1957/3/13,,empty
高野光二郎,参議院議員,自由民主党,徳島・高知,,1974/9/30,広報戦略局長代理,empty
高橋克法,参議院議員,自由民主党,栃木,,1957/12/7,,empty
高橋はるみ,参議院議員,自由民主党,北海道,,1954/1/6,,empty
滝沢求,参議院議員,自由民主党,青森,,1958/10/11,環境部会長,empty
滝波宏文,参議院議員,自由民主党,福井,,1971/10/20,,empty
竹内功,参議院議員,自由民主党,比例,,1951/12/18,,empty
武見敬三,参議院議員,自由民主党,東京,,1951/11/5,,empty
柘植芳文,参議院議員,自由民主党,比例,,1945/10/11,総務部会長代理,empty
鶴保庸介,参議院議員,自由民主党,和歌山,,1967/2/5,,empty
堂故茂,参議院議員,自由民主党,富山,,1952/8/7,,empty
徳茂雅之,参議院議員,自由民主党,比例,,1962/5/2,,empty
豊田俊郎,参議院議員,自由民主党,千葉,,1952/8/21,,empty
中川雅治,参議院議員,自由民主党,東京,,1947/2/22,,empty
中曽根弘文,参議院議員,自由民主党,群馬,,1945/11/28,,empty
中西哲,参議院議員,自由民主党,比例,,1951/12/7,,empty
中西祐介,参議院議員,自由民主党,徳島・高知,,1979/7/12,総務副大臣,empty
長峯誠,参議院議員,自由民主党,宮崎,,1969/8/2,水産部会長,empty
西田昌司,参議院議員,自由民主党,京都,,1958/9/19,参議院政策審議会長代理、政務調査会長代理,empty
二之湯智,参議院議員,自由民主党,京都,,1944/9/13,国家公安委員会委員長、国土強靭化担当大臣、領土問題担当大臣、国家公務員制度担当 委員長・大臣、内閣府特命担当大臣（防災、海洋政策）,empty
野上浩太郎,参議院議員,自由民主党,富山,,1967/5/20,参議院幹事長代行,empty
野村哲郎,参議院議員,自由民主党,鹿児島,,1943/11/20,参議院議員副会長,empty
長谷川岳,参議院議員,自由民主党,北海道,,1971/2/16,政務調査会 副会長,empty
羽生田俊,参議院議員,自由民主党,比例,,1948/3/28,厚生労働部会長代理,empty
馬場成志,参議院議員,自由民主党,熊本,,1964/11/30,,empty
比嘉奈津美,参議院議員,自由民主党,比例,,1958/10/3,,empty
福岡資麿,参議院議員,自由民主党,佐賀,,1973/5/9,,empty
藤井基之,参議院議員,自由民主党,比例,,1947/3/16,参議院政策審議会長,empty
藤川政人,参議院議員,自由民主党,愛知,,1960/7/8,参議院国会対策委員長代理,empty
藤木眞也,参議院議員,自由民主党,比例,,1967/2/25,,empty
古川俊治,参議院議員,自由民主党,埼玉,,1963/1/14,,empty
堀井巌,参議院議員,自由民主党,奈良,,1965/10/22,参議院副幹事長、副幹事長、法務部会長代理,empty
本田顕子,参議院議員,自由民主党,比例,,1971/9/29,参議院副幹事長、副幹事長、女性局長代理,empty
舞立昇治,参議院議員,自由民主党,鳥取・島根,,1975/8/13,参議院副幹事長、副幹事長、水産部会長代理,empty
牧野たかお,参議院議員,自由民主党,静岡,,1959/1/1,参議院国会対策委員長代行,empty
松川るい,参議院議員,自由民主党,大阪,,1971/2/26,安全保障関係団体委員長、報道局長代理、国防部会長代理,empty
松下新平,参議院議員,自由民主党,宮崎,,1966/8/18,,empty
松村祥史,参議院議員,自由民主党,熊本,,1964/4/22,,empty
松山政司,参議院議員,自由民主党,福岡,,1959/1/20,,empty
丸川珠代,参議院議員,自由民主党,東京,,1971/1/19,,empty
三浦靖,参議院議員,自由民主党,比例,,1973/4/9,総務大臣政務官,empty
三木享,参議院議員,自由民主党,比例,,1967/7/10,環境関係団体委員長、環境部会長代理,empty
水落敏栄,参議院議員,自由民主党,比例,,1943/2/24,,empty
三原じゅん子,参議院議員,自由民主党,神奈川,,1964/9/13,,empty
三宅伸吾,参議院議員,自由民主党,香川,,1961/11/24,外務大臣政務官,empty
宮崎雅夫,参議院議員,自由民主党,比例,,1963/12/3,農林水産大臣政務官,empty
宮沢洋一,参議院議員,自由民主党,広島,,1950/4/21,,empty
宮島喜文,参議院議員,自由民主党,比例,,1951/7/28,文部科学部会長代理,empty
宮本周司,参議院議員,自由民主党,比例,,1971/3/27,,empty
元榮太一郎,参議院議員,自由民主党,千葉,,1975/12/14,,empty
森まさこ,参議院議員,自由民主党,福島,,1964/8/22,内閣総理大臣補佐官(女性活躍担当),empty
森屋宏,参議院議員,自由民主党,山梨,,1957/7/21,参議院副幹事長、副幹事長,empty
山崎正昭,参議院議員,自由民主党,福井,,1942/5/24,,empty
山下雄平,参議院議員,自由民主党,佐賀,,1979/8/27,参議院副幹事長、副幹事長、新聞出版局長,empty
山田太郎,参議院議員,自由民主党,比例,,1967/5/12,デジタル大臣政務官、内閣府大臣政務官,empty
山田俊男,参議院議員,自由民主党,比例,,1946/11/29,人事局長,empty
山田宏,参議院議員,自由民主党,比例,,1958/1/8,,empty
山谷えり子,参議院議員,自由民主党,比例,,1950/9/19,北朝鮮による拉致問題対策本部長,empty
山本順三,参議院議員,自由民主党,愛媛,,1954/10/27,,empty
吉川ゆうみ,参議院議員,自由民主党,三重,,1973/9/4,経済産業大臣政務官、内閣府大臣政務官,empty
和田政宗,参議院議員,自由民主党,比例,,1974/10/14,,empty
渡辺猛之,参議院議員,自由民主党,岐阜,,1968/4/18,国土交通副大臣、復興副大臣、内閣府 副大臣,empty
青柳陽一郎,衆議院議員,立憲民主党,神奈川6区,南関東ブロック,1969/8/29,,empty
青山大人,衆議院議員,立憲民主党,茨城6区,北関東ブロック,1979/1/24,,empty
安住淳,衆議院議員,立憲民主党,宮城5区,,1962/1/17,,empty
阿部知子,衆議院議員,立憲民主党,神奈川12区,,1948/4/24,,empty
荒井優,衆議院議員,立憲民主党,北海道3区,北海道ブロック,1975/2/28,,empty
井坂信彦,衆議院議員,立憲民主党,兵庫1区,,1974/3/27,,empty
石川香織,衆議院議員,立憲民主党,北海道11区,,1984/5/10,,empty
泉健太,衆議院議員,立憲民主党,京都3区,,1974/7/29,,empty
伊藤俊輔,衆議院議員,立憲民主党,東京23区,東京ブロック,1979/8/5,,empty
稲富修二,衆議院議員,立憲民主党,福岡2区,九州ブロック,1970/8/26,国会対策委員会副委員長,empty
梅谷守,衆議院議員,立憲民主党,新潟6区,,1973/12/9,立憲民主党新潟県連合副代表,empty
江田憲司,衆議院議員,立憲民主党,神奈川8区,,1956/4/28,党代表代行（経済政策担当）,empty
枝野幸男,衆議院議員,立憲民主党,埼玉5区,,1964/5/31,,empty
大河原まさこ,衆議院議員,立憲民主党,東京21区,東京ブロック,1953/4/8,,empty
大串博志,衆議院議員,立憲民主党,佐賀2区,,1965/8/31,役員室長,empty
逢坂誠二,衆議院議員,立憲民主党,北海道8区,,1959/4/24,,empty
大島敦,衆議院議員,立憲民主党,埼玉6区,,1956/12/21,組織委員長,empty
おおつき紅葉,衆議院議員,立憲民主党,北海道4区,北海道ブロック,1983/10/16,,empty
大西健介,衆議院議員,立憲民主党,愛知13区,,1971/4/13,,empty
岡田克也,衆議院議員,立憲民主党,三重3区,,1953/7/14,,empty
岡本あき子,衆議院議員,立憲民主党,宮城1区,東北ブロック,1964/8/16,,empty
小川淳也,衆議院議員,立憲民主党,香川1区,,1971/4/18,,empty
奥野総一郎,衆議院議員,立憲民主党,千葉9区,,1964/7/15,国対委員長代理、千葉県ドッチボール協会会長,empty
小熊慎司,衆議院議員,立憲民主党,福島4区,,1968/6/16,,empty
小沢一郎,衆議院議員,立憲民主党,岩手3区,東北ブロック,1942/5/24,,empty
落合貴之,衆議院議員,立憲民主党,東京6区,,1979/8/17,,empty
青木愛,参議院議員,立憲民主党,比例,,1965/8/18,,empty
有田芳生,参議院議員,立憲民主党,比例,,1952/2/20,,empty
石川大我,参議院議員,立憲民主党,比例,,1974/7/3,,empty
石垣のりこ,参議院議員,立憲民主党,宮城,,1974/8/1,,empty
石橋通宏,参議院議員,立憲民主党,比例,,1965/7/1,,empty
打越さく良,参議院議員,立憲民主党,新潟,,1968/1/6,,empty
江崎孝,参議院議員,立憲民主党,比例,,1956/8/11,参院国会対策委員長代理,empty
小川敏夫,参議院議員,立憲民主党,東京,,1948/3/18,参院副議長,empty
小沢雅仁,参議院議員,立憲民主党,比例,,1965/8/13,参議院比例第1４総支部長,empty
小沼巧,参議院議員,立憲民主党,茨城,,1985/12/21,,empty
海江田万里,衆議院議員,立憲民主党,東京1区,東京ブロック,1949/2/26,,empty
金子恵美,衆議院議員,立憲民主党,福島1区,,1965/7/7,,empty
鎌田さゆり,衆議院議員,立憲民主党,宮城2区,,1965/1/8,,empty
神谷裕,衆議院議員,立憲民主党,北海道10区,北海道ブロック,1968/8/10,,empty
菅直人,衆議院議員,立憲民主党,東京18区,,1946/10/10,,empty
城井崇,衆議院議員,立憲民主党,福岡10区,,1973/6/23,,empty
菊田真紀子,衆議院議員,立憲民主党,新潟4区,,1969/10/24,,empty
玄葉光一郎,衆議院議員,立憲民主党,福島3区,,1964/5/20,,empty
源馬謙太郎,衆議院議員,立憲民主党,静岡8区,,1972/12/21,,empty
神津たけし,衆議院議員,立憲民主党,長野3区,北陸信越ブロック,1977/1/21,,empty
小宮山泰子,衆議院議員,立憲民主党,埼玉7区,,1965/4/25,,empty
小山展弘,衆議院議員,立憲民主党,静岡3区,,1975/12/26,,empty
近藤和也,衆議院議員,立憲民主党,石川3区,北陸信越ブロック,1973/12/12,,empty
近藤昭一,衆議院議員,立憲民主党,愛知3区,,1958/5/26,,empty
後藤祐一,衆議院議員,立憲民主党,神奈川6区,,1969/3/25,,empty
勝部賢志,参議院議員,立憲民主党,北海道,,1959/9/6,北海道参議院選挙区第2総支部長,empty
川田龍平,参議院議員,立憲民主党,比例,,1976/1/12,,empty
岸真紀子,参議院議員,立憲民主党,比例,,1976/3/24,,empty
木戸口英司,参議院議員,立憲民主党,岩手,,1963/8/21,,empty
熊谷裕人,参議院議員,立憲民主党,埼玉,,1962/3/23,埼玉県参議院選挙区第1総支部長,empty
郡司彰,参議院議員,立憲民主党,茨城,,1949/12/11,,empty
古賀之士,参議院議員,立憲民主党,福岡,,1959/4/9,,empty
小西洋之,参議院議員,立憲民主党,千葉,,1972/1/28,,empty
坂本祐之輔,衆議院議員,立憲民主党,埼玉10区,北関東ブロック,1955/1/30,財団法人日本スポーツ協会理事、有限会社　料亭坂本屋　会長,empty
桜井周,衆議院議員,立憲民主党,兵庫6区,近畿ブロック,1970/8/16,,empty
佐藤公治,衆議院議員,立憲民主党,広島6区,,1959/7/28,,empty
重徳和彦,衆議院議員,立憲民主党,愛知12区,,1970/12/21,,empty
階猛,衆議院議員,立憲民主党,岩手1区,,1966/10/7,,empty
篠原豪,衆議院議員,立憲民主党,神奈川1区,,1975/2/12,立憲民主党外交・安全保障・主権調査会長,empty
篠原孝,衆議院議員,立憲民主党,長野1区,北陸信越ブロック,1948/7/17,,empty
下条みつ,衆議院議員,立憲民主党,長野2区,,1955/12/29,,empty
白石洋一,衆議院議員,立憲民主党,愛媛3区,四国ブロック,1963/6/25,,empty
末次精一,衆議院議員,立憲民主党,長崎4区,九州ブロック,1962/12/2,ＮＰＯ法人ハッピーワーク理事長,empty
末松義規,衆議院議員,立憲民主党,東京19区,,1956/12/5,,empty
鈴木庸介,衆議院議員,立憲民主党,東京10区,東京ブロック,1975/11/21,,empty
斎藤嘉隆,参議院議員,立憲民主党,愛知,,1963/2/18,党参院国会対策委員長代理、党愛知県連合代表、日本ユネスコ国内委員会委員,empty
塩村あやか,参議院議員,立憲民主党,東京,,1978/7/6,東京都参議院選挙区　第３総支部長,empty
芝博一,参議院議員,立憲民主党,三重,,1950/4/21,参議院国会対策委員長、椿大神社椿会館　館長、椿大神社　責任役員,empty
杉尾秀哉,参議院議員,立憲民主党,長野,,1957/9/30,,empty
蓮舫,参議院議員,立憲民主党,東京,,1967/11/28,代表代行、国民運動・広報本部長,empty
田嶋要,衆議院議員,立憲民主党,千葉1区,,1961/9/22,,empty
堤かなめ,衆議院議員,立憲民主党,福岡5区,,1960/10/27,福岡5区,empty
手塚仁雄,衆議院議員,立憲民主党,東京5区,,1966/9/14,,empty
寺田学,衆議院議員,立憲民主党,秋田1区,東北ブロック,1976/9/20,,empty
徳永久志,衆議院議員,立憲民主党,滋賀4区,近畿ブロック,1963/6/27,,empty
田島麻衣子,参議院議員,立憲民主党,愛知,,1976/12/20,,empty
田名部匡代,参議院議員,立憲民主党,青森,,1969/7/10,党常任幹事会議長,empty
徳永エリ,参議院議員,立憲民主党,北海道,,1962/1/1,,empty
中川正春,衆議院議員,立憲民主党,三重2区,東海ブロック,1950/6/10,党両院議員総会長,empty
中島克仁,衆議院議員,立憲民主党,山梨1区,南関東ブロック,1967/9/27,,empty
中谷一馬,衆議院議員,立憲民主党,神奈川7区,南関東ブロック,1983/8/30,立憲民主党青年局長,empty
中村喜四郎,衆議院議員,立憲民主党,茨城7区,北関東ブロック,1949/4/10,,empty
長妻昭,衆議院議員,立憲民主党,東京7区,,1960/6/14,副代表、選挙対策委員長代行,empty
西村智奈美,衆議院議員,立憲民主党,新潟1区,,1967/1/13,,empty
野田佳彦,衆議院議員,立憲民主党,千葉4区,,1957/5/20,,empty
野間健,衆議院議員,立憲民主党,鹿児島3区,,1958/10/8,,empty
長浜博行,参議院議員,立憲民主党,千葉,,1958/10/20,,empty
那谷屋正義,参議院議員,立憲民主党,比例,,1957/8/3,参院国会対策委員長,empty
難波奨二,参議院議員,立憲民主党,比例,,1959/4/1,参院国会対策委員長代理、地方組織局長,empty
野田国義,参議院議員,立憲民主党,福岡,,1958/6/3,,empty
原口一博,衆議院議員,立憲民主党,佐賀1区,,1959/7/2,副代表／国会対策委員長代行,empty
馬場雄基,衆議院議員,立憲民主党,福島2区,東北ブロック,1992/10/15,,empty
伴野豊,衆議院議員,立憲民主党,愛知8区,東海ブロック,1961/1/1,,empty
福田昭夫,衆議院議員,立憲民主党,栃木2区,,1948/4/17,,empty
藤岡隆雄,衆議院議員,立憲民主党,栃木4区,北関東ブロック,1977/3/28,,empty
太栄志,衆議院議員,立憲民主党,神奈川13区,,1977/4/27,元米研究員,empty
本庄知史,衆議院議員,立憲民主党,千葉8区,,1974/10/22,,empty
白眞勲,参議院議員,立憲民主党,比例,,1958/12/8,,empty
羽田次郎,参議院議員,立憲民主党,長野,,1969/9/7,,empty
鉢呂吉雄,参議院議員,立憲民主党,北海道,,1948/1/25,,empty
福山哲郎,参議院議員,立憲民主党,京都,,1962/1/19,幹事長,empty
牧義夫,衆議院議員,立憲民主党,愛知4区,東海ブロック,1958/1/14,,empty
松木けんこう,衆議院議員,立憲民主党,北海道2区,,1959/2/22,,empty
松原仁,衆議院議員,立憲民主党,東京3区,,1956/7/31,,empty
馬淵澄夫,衆議院議員,立憲民主党,奈良1区,,1960/8/23,,empty
道下大樹,衆議院議員,立憲民主党,北海道1区,,1975/12/24,,empty
緑川貴士,衆議院議員,立憲民主党,秋田2区,,1985/1/10,,empty
森田敏和,衆議院議員,立憲民主党,埼玉12区,,1974/9/19,有限会社ナトーライフコンサルタント代表取締役（介護事業）、特定非営利活動法人NPOくまがや代表理事,empty
森山浩行,衆議院議員,立憲民主党,大阪16区,近畿ブロック,1971/4/8,,empty
牧山ひろえ,参議院議員,立憲民主党,神奈川,,1964/9/29,,empty
真山勇一,参議院議員,立憲民主党,神奈川,,1944/1/8,,empty
水岡俊一,参議院議員,立憲民主党,比例,,1956/6/13,参議院比例第5総支部長、参院議員会長,empty
宮口治子,参議院議員,立憲民主党,広島,,1976/3/5,,empty
宮沢由佳,参議院議員,立憲民主党,山梨,,1962/11/19,NPO法人 子育て支援センター ちびっこはうす設立 理事、社会福祉法人 こどものあした福祉会ちびっこはうす保育園設立 理事長、保育士,empty
森本真治,参議院議員,立憲民主党,広島,,1973/5/2,茶道裏千家専任講師、ＮＰＯ法人中国フットサルプロモーション　副理事長,empty
森屋隆,参議院議員,立憲民主党,比例,,1967/6/28,参議院比例第４総支部長,empty
森ゆうこ,参議院議員,立憲民主党,新潟,,1956/4/20,党副代表、参院幹事長,empty
谷田川元,衆議院議員,立憲民主党,千葉10区,南関東ブロック,1963/1/17,千葉県ハンドボール協会会長,empty
山岡達丸,衆議院議員,立憲民主党,北海道9区,,1979/7/22,,empty
山岸一生,衆議院議員,立憲民主党,東京9区,,1981/8/28,立憲民主党　つながる本部コミュニケーション担当,empty
山崎誠,衆議院議員,立憲民主党,神奈川5区,南関東ブロック,1962/11/22,,empty
山田勝彦,衆議院議員,立憲民主党,長崎3区,九州ブロック,1979/7/19,株式会社やまびこ学苑　代表取締役、太陽光発電システム販売店　クリーンファーム　代表、長崎ウエスレヤン大学　非常勤講師,empty
山井和則,衆議院議員,立憲民主党,京都6区,,1962/1/6,,empty
柚木道義,衆議院議員,立憲民主党,岡山4区,中国ブロック,1972/5/28,,empty
湯原俊二,衆議院議員,立憲民主党,鳥取2区,中国ブロック,1962/11/20,,empty
吉川元,衆議院議員,立憲民主党,大分2区,九州ブロック,1966/9/28,,empty
吉田統彦,衆議院議員,立憲民主党,愛知1区,東海ブロック,1974/11/14,,empty
吉田はるみ,衆議院議員,立憲民主党,東京8区,,1972/1/1,神田外語大学特任教授,empty
横沢たかのり,参議院議員,立憲民主党,岩手,,1972/3/6,,empty
吉川沙織,参議院議員,立憲民主党,比例,,1976/10/9,,empty
吉田忠智,参議院議員,立憲民主党,比例,,1956/3/7,,empty
笠浩史,衆議院議員,立憲民主党,神奈川9区,,1965/1/3,,empty
早稲田ゆき,衆議院議員,立憲民主党,神奈川4区,,1958/12/6,,empty
渡辺周,衆議院議員,立憲民主党,静岡6区,東海ブロック,1961/12/11,幹事長代行,empty
渡辺創,衆議院議員,立憲民主党,宮崎1区,,1977/10/3,,empty
赤羽一嘉,衆議院議員,公明党,兵庫2区,,1958/5/7,幹事長代行、関西方面副本部長、兵庫県本部代表,empty
伊佐進一,衆議院議員,公明党,大阪６区,,1974/12/10,厚生労働部会長代理、九州方面副本部長、沖縄方面副本部長,empty
石井啓一,衆議院議員,公明党,,北関東ブロック,1958/3/20,幹事長、財務委員長、憲法調査会顧問、茨城県本部顧問,empty
伊藤渉,衆議院議員,公明党,,東海ブロック,1969/11/13,政務調査会長代理、税制調査会事務局長、団体渉外委員長、国土交通部会長、総務副部会長、決算・行政監視副部会長、中部方面本部長、愛知県本部代表,empty
稲津久,衆議院議員,公明党,北海道10区,,1958/2/9,幹事長代理、政務調査副会長、税制調査会事務局次長、組織委員長代理、組織委員会組織局長、内閣副部会長、厚生労働副部会長、財政・金融副部会長、国土交通副部会長、北海道方面本部長、北海道本部代表,empty
浮島智子,衆議院議員,公明党,,近畿ブロック,1963/2/1,中央規律副委員長、政務調査副会長、女性副委員長、市民活動委員会文化芸術局長、文部科学部会長、復興・防災副部会長、大阪府本部副代表,empty
大口善徳,衆議院議員,公明党,,東海ブロック,1955/9/5,中央幹事会会長代理、政務調査会長代理、組織委員長、法務部会長、復興・防災部会長代理、東海道方面本部長、中部方面副本部長、静岡県本部代表,empty
岡本三成,衆議院議員,公明党,東京12区,,1965/5/5,財務副大臣、東京都本部副代表,empty
河西宏一,衆議院議員,公明党,,東京ブロック,1979/6/25,青年副委員長、選挙対策委員,empty
北側一雄,衆議院議員,公明党,大阪16区,,1953/3/2,副代表、中央幹事会会長、憲法調査会長、税制調査会顧問、関西方面本部長,empty
金城泰邦,衆議院議員,公明党,,九州ブロック,1969/7/16,組織委員会地方議会局次長、組織委員会遊説局次長,empty
日下正喜,衆議院議員,公明党,,中国ブロック,1965/11/25,組織委員会組織局次長、組織委員会遊説局次長,empty
國重徹,衆議院議員,公明党,大阪5区,,1974/11/23,国会対策筆頭副委員長、青年副委員長、税制調査会事務局次長、内閣部会長、法務副部会長、経済産業副部会長、復興・防災副部会長、大阪府本部副代表,empty
輿水恵一,衆議院議員,公明党,,北関東ブロック,1962/2/4,国会対策副委員長、総務部会長、農林水産副部会長、組織委員会地方議会局長,empty
斉藤鉄夫,衆議院議員,公明党,広島3区,,1952/2/5,国土交通大臣、副代表、憲法調査会顧問、税制調査会顧問、広島県本部顧問,empty
佐藤茂樹,衆議院議員,公明党,大阪3区,,1959/6/8,国会対策委員長、関西方面副本部長、大阪府本部顧問,empty
佐藤英道,衆議院議員,公明党,,北海道ブロック,1960/9/26,厚生労働兼内閣府副大臣、市民活動委員会NPO局次長、北海道本部代表代行,empty
庄司賢一,衆議院議員,公明党,,東北ブロック,1963/2/8,東北方面本部長、組織委員会地方議会局次長、組織委員会遊説局次長,empty
高木陽介,衆議院議員,公明党,,東京ブロック,1959/12/16,選挙対策委員長、東京方面本部長、東京都本部代表,empty
竹内譲,衆議院議員,公明党,,近畿ブロック,1958/6/25,政務調査会長、関西方面副本部長、京都府本部代表,empty
角田秀穂,衆議院議員,公明党,,南関東ブロック,1961/3/25,国会対策副委員長、市民活動委員会NPO局長、組織委員会地方議会局次長、組織委員会遊説局次長、財政・金融部会長、環境部会長代理、厚生労働副部会長,empty
中川宏昌,衆議院議員,公明党,,北陸信越ブロック,1970/7/15,北陸信越方面本部長、組織委員会地方議会局次長、組織委員会遊説局次長,empty
中川康洋,衆議院議員,公明党,,東海ブロック,1968/2/12,環境大臣政務官、組織委員会地方議会局次長,empty
中野洋昌,衆議院議員,公明党,兵庫8区,,1978/1/4,団体渉外委員会副委員長、団体渉外委員会団体局長、市民活動委員会文化芸術局次長、青年副委員長、青年委員会青年局長代理、国際委員会国際局次長、経済産業部会長、環境副部会長、外交副部会長、文部科学副部会長、兵庫県本部副代表,empty
濵地雅一,衆議院議員,公明党,,九州ブロック,1970/5/8,国会対策委員長代理、国際委員会国際局長、団体渉外委員会労働局次長、憲法調査会事務局長、外交安全保障調査会事務局長、内閣副部会長、安全保障副部会長、福岡県本部代表,empty
平林晃,衆議院議員,公明党,,中国ブロック,1971/2/2,組織委員会組織局次長、組織委員会遊説局次長,empty
福重隆浩,衆議院議員,公明党,,北関東ブロック,1962/5/3,組織委員会地方議会局次長、組織委員会遊説局次長,empty
古屋範子,衆議院議員,公明党,,南関東ブロック,1956/5/14,副代表、女性委員長、政務調査会長代理、東海道方面本部顧問、神奈川県本部副代表,empty
山崎正恭,衆議院議員,公明党,,四国ブロック,1971/3/5,組織委員会地方議会局次長、組織委員会遊説局次長,empty
吉田久美子,衆議院議員,公明党,,九州ブロック,1963/7/19,女性副委員長、組織委員会遊説局次長,empty
吉田宣弘,衆議院議員,公明党,,九州ブロック,1967/12/8,国会対策副委員長、組織委員会地方議会局次長、組織委員会遊説局次長、団体渉外委員会団体局次長、外交部会長代理、安全保障部会長代理、国土交通副部会長,empty
鰐淵洋子,衆議院議員,公明党,,近畿ブロック,1972/4/10,文部科学大臣政務官、女性副委員長、市民活動委員会文化芸術局次長、大阪府本部副代表,empty
横山信一,参議院議員,公明党,比例,,1959/7/21,市民活動委員会市民活動局次長、復興・防災部会長、文部科学副部会長、決算・行政監視副部会長、東北方面副本部長、北海道本部代表代行,empty
若松謙維,参議院議員,公明党,比例,,1955/8/5,機関紙推進委員長、政務調査副会長、税制調査会副会長、決算・行政監視部会長、総務部会長代理、東北方面本部幹事長、福島県本部代表,empty
西田実仁,参議院議員,公明党,埼玉,,1962/8/27,参議院会長、税制調査会会長、憲法調査会副会長、関東方面本部長・埼玉県本部代表,empty
矢倉克夫,参議院議員,公明党,埼玉,,1975/1/11,青年委員長、埼玉県本部副代表,empty
宮崎勝,参議院議員,公明党,比例,,1958/3/18,団体渉外委員会労働局次長、環境部会長、復興・防災副部会長、埼玉県本部副代表,empty
平木大作,参議院議員,公明党,比例,,1974/10/16,広報委員長、青年委員会顧問、市民活動委員会NPO局次長、千葉県本部代表,empty
竹内真二,参議院議員,公明党,比例,,1964/3/19,組織委員会遊説局長、団体渉外委員会団体局次長、文部科学部会長代理、決算・行政監視部会長代理、国土交通副部会長、千葉県本部副代表,empty
山口那津男,参議院議員,公明党,東京,,1952/7/12,代表、憲法調査会顧問、東京都本部顧問,empty
竹谷とし子,参議院議員,公明党,東京,,1969/9/30,中央会計監査委員、広報委員会広報局長、女性副委員長、女性委員会女性局長、税制調査会事務局次長、復興・防災部会長代理、財政・金融副部会長、東京都本部副代表,empty
塩田博昭,参議院議員,公明党,比例,,1962/1/19,参議院国会対策副委員長、組織委員会地方議会局次長、国土交通部会長代理、環境副部会長、東京都本部副代表,empty
佐々木さやか,参議院議員,公明党,神奈川,,1981/1/18,女性副委員長、青年副委員長、青年委員会学生局顧問、市民活動委員会文化芸術局次長、東海道方面副本部長、神奈川県本部副代表,empty
三浦信祐,参議院議員,公明党,神奈川,,1975/3/5,青年副委員長、青年委員会青年局長、外交部会長、内閣副部会長、東海道方面幹事長、神奈川県本部代表代行,empty
里見隆治,参議院議員,公明党,愛知,,1967/10/17,団体渉外委員会副委員長、団体渉外委員会労働局長、国際委員会国際局次長、経済産業部会長代理、厚生労働副部会長、愛知県本部代表代行,empty
安江信夫,参議院議員,公明党,愛知,,1987/6/26,参議院国会対策副委員長、青年副委員長、青年委員会学生局長、組織委員会遊説局次長、法務部会長代理、内閣副部会長、愛知県本部副代表,empty
新妻秀規,参議院議員,公明党,比例,,1970/7/22,復興副大臣、国際委員会国際局次長、市民活動委員会文化芸術局次長、中部方面本部副幹事長・愛知県本部副代表,empty
浜田昌良,参議院議員,公明党,比例,,1957/2/28,参議院政策審議会長、政務調査会長代理、中央規律委員会委員長、復興・防災部会長、中部方面副本部長、北陸信越方面副本部長,empty
石川博崇,参議院議員,公明党,大阪,,1973/9/12,市民活動委員長、市民活動委員会市民活動局長、安全保障部会長、関西方面幹事長、大阪府本部代表,empty
杉久武,参議院議員,公明党,大阪,,1976/1/4,参議院国会対策副委員長、中央会計監査委員、青年副委員長、国際委員会国際局次長、税制調査会事務局次長、財政・金融副部会長、大阪府本部副代表,empty
山本香苗,参議院議員,公明党,比例,,1971/5/14,参議院副会長、政務調査副会長、女性副委員長、税制調査会副会長、関西方面副本部長、大阪府本部代表代行,empty
熊野正士,参議院議員,公明党,比例,,1965/4/19,国際委員会国際局次長、農林水産部会長代理、大阪府本部副代表,empty
伊藤孝江,参議院議員,公明党,兵庫,,1968/1/13,女性副委員長、団体渉外委員会団体局次長、憲法調査会事務局次長、法務副部会長、国土交通副部会長、兵庫県本部副代表,empty
高橋光男,参議院議員,公明党,兵庫,,1977/2/15,参議院国会対策副委員長、青年副委員長、青年委員会学生局長代理、組織委員会遊説局次長、国際委員会国際局次長、団体渉外委員会労働局次長、外交副部会長、兵庫県本部幹事長代行,empty
谷合正明,参議院議員,公明党,比例,,1973/4/27,幹事長代理、政務調査副会長、参議院幹事長、国際委員長、総務副部会長、農林水産副部会長、中国方面本部長、四国方面副本部長、岡山県本部代表,empty
山本博司,参議院議員,公明党,比例,,1954/12/9,参議院国会対策委員長、財政・金融部会長代理、厚生労働副部会長、中国方面副本部長、四国方面副本部長,empty
高瀬弘美,参議院議員,公明党,福岡,,1981/12/21,女性副委員長、青年副委員長、国際委員会国際局次長、内閣部会長代理、外交副部会長、福岡県本部副代表,empty
下野六太,参議院議員,公明党,福岡,,1964/5/1,農林水産大臣政務官、福岡県本部副代表,empty
河野義博,参議院議員,公明党,比例,,1977/12/1,参議院国会対策筆頭副委員長、青年副委員長、国際委員会国際局次長、農林水産部会長、内閣副部会長、経済産業副部会長、沖縄方面副本部長、福岡県本部副代表,empty
秋野公造,参議院議員,公明党,比例,,1967/7/11,厚生労働部会長代理、九州方面副本部長、沖縄方面副本部長,empty
赤嶺政賢,衆議院議員,日本共産党,沖縄1区,,1947/12/18,,empty
笠井亮,衆議院議員,日本共産党,,東京ブロック,1952/10/15,,empty
穀田恵二,衆議院議員,日本共産党,,近畿ブロック,1947/1/11,,empty
志位和夫,衆議院議員,日本共産党,,南関東ブロック,1954/7/29,,empty
塩川鉄也,衆議院議員,日本共産党,,北関東ブロック,1961/12/18,,empty
高橋千鶴子,衆議院議員,日本共産党,,東北ブロック,1959/9/16,,empty
田村貴昭,衆議院議員,日本共産党,,九州ブロック,1961/4/30,,empty
宮本岳志,衆議院議員,日本共産党,,近畿ブロック,1959/12/25,,empty
宮本徹,衆議院議員,日本共産党,,東京ブロック,1972/1/22,,empty
本村伸子,衆議院議員,日本共産党,,東海ブロック,1972/10/20,,empty
伊藤岳,参議院議員,日本共産党,埼玉,,1960/3/6,,empty
市田忠義,参議院議員,日本共産党,比例,,1942/12/28,,empty
井上哲士,参議院議員,日本共産党,比例,,1958/5/5,,empty
岩渕友,参議院議員,日本共産党,比例,,1976/10/3,,empty
紙智子,参議院議員,日本共産党,比例,,1955/1/13,,empty
吉良よし子,参議院議員,日本共産党,東京,,1982/9/14,,empty
倉林明子,参議院議員,日本共産党,京都,,1960/12/3,,empty
小池晃,参議院議員,日本共産党,比例,,1960/6/9,,empty
大門実紀史,参議院議員,日本共産党,比例,,1956/1/10,,empty
武田良介,参議院議員,日本共産党,比例,,1979/8/13,,empty
田村智子,参議院議員,日本共産党,比例,,1965/7/4,,empty
山下芳生,参議院議員,日本共産党,比例,,1960/2/27,,empty
山添拓,参議院議員,日本共産党,東京,,1984/11/20,,empty
早坂あつし,衆議院議員,日本維新の会,宮城4区,,1971/3/11,,empty
高橋秀明,衆議院議員,日本維新の会,埼玉2区,,1963/5/10,,empty
沢田良,衆議院議員,日本維新の会,埼玉15区,,1979/9/27,,empty
藤巻けんた,衆議院議員,日本維新の会,千葉6区,,1983/10/7,,empty
小野たいすけ,衆議院議員,日本維新の会,東京1区,,1974/4/20,,empty
阿部司,衆議院議員,日本維新の会,東京12区,,1982/6/18,,empty
浅川義治,衆議院議員,日本維新の会,神奈川1区,,1968/2/23,,empty
金村りゅうな,衆議院議員,日本維新の会,神奈川10区,,1979/4/6,,empty
吉田豊史,衆議院議員,日本維新の会,富山1区,,1970/4/10,,empty
岬まき,衆議院議員,日本維新の会,愛知5区,,1968/12/26,,empty
杉本和巳,衆議院議員,日本維新の会,愛知10区,,1960/9/17,,empty
堀場さち子,衆議院議員,日本維新の会,京都1区,,1979/3/24,,empty
井上英孝,衆議院議員,日本維新の会,大阪1区,,1971/10/25,会計監査人代表、選対本部長補佐（組織局長兼任・幹事）,empty
森島正,衆議院議員,日本維新の会,大阪2区,,1981/7/15,,empty
ミノベテルオ,衆議院議員,日本維新の会,大阪4区,,1961/5/23,,empty
奥下たけみつ,衆議院議員,日本維新の会,大阪7区,,1975/10/4,,empty
うるま譲司,衆議院議員,日本維新の会,大阪8区,,1974/9/14,,empty
あだち康史,衆議院議員,日本維新の会,大阪9区,,1965/10/14,,empty
池下卓,衆議院議員,日本維新の会,大阪10区,,1975/4/10,会計監査人,empty
中司宏,衆議院議員,日本維新の会,大阪11区,,1956/3/11,,empty
藤田文武,衆議院議員,日本維新の会,大阪12区,,1980/12/27,幹事長,empty
岩谷良平,衆議院議員,日本維新の会,大阪13区,,1980/6/7,,empty
あおやぎ仁士,衆議院議員,日本維新の会,大阪14区,,1978/11/7,,empty
うらの靖人,衆議院議員,日本維新の会,大阪15区,,1973/4/4,組織局長（選対本部長補佐兼任・総務会委員）,empty
馬場伸幸,衆議院議員,日本維新の会,大阪17区,,1965/1/27,共同代表（国会議員団の長兼任）,empty
遠藤たかし,衆議院議員,日本維新の会,大阪18区,,1968/6/6,,empty
いとう信久,衆議院議員,日本維新の会,大阪19区,,1964/1/4,,empty
一谷勇一郎,衆議院議員,日本維新の会,兵庫1区,,1975/1/22,,empty
和田有一郎,衆議院議員,日本維新の会,兵庫3区,,1964/10/23,,empty
アカギ正幸,衆議院議員,日本維新の会,兵庫4区,,1975/2/22,,empty
遠藤りょうた,衆議院議員,日本維新の会,兵庫5区,,1984/12/19,,empty
いちむら浩一郎,衆議院議員,日本維新の会,兵庫6区,,1964/7/16,,empty
三木けえ,衆議院議員,日本維新の会,兵庫7区,,1966/7/7,,empty
ほりいけんじ,衆議院議員,日本維新の会,兵庫10区,,1967/1/10,,empty
住吉ひろき,衆議院議員,日本維新の会,兵庫11区,,1985/1/24,,empty
池畑こうたろう,衆議院議員,日本維新の会,兵庫12区,,1974/9/26,,empty
前川きよしげ,衆議院議員,日本維新の会,奈良1区,,1962/12/22,,empty
空元せいき,衆議院議員,日本維新の会,広島4区,,1964/3/11,,empty
吉田よも代,衆議院議員,日本維新の会,徳島1区,,1975/2/23,,empty
山本ごうせい,衆議院議員,日本維新の会,福岡1区,,1972/1/1,,empty
あべひろき,参議院議員,日本維新の会,福岡4区,,1961/12/15,,empty
鈴木宗男,参議院議員,日本維新の会,比例,,1948/1/31,,empty
音喜多駿,参議院議員,日本維新の会,東京,,1983/9/21,政務調査会長（維新政治塾長兼任）,empty
浅田均,参議院議員,日本維新の会,大阪,,1950/12/29,,empty
東とおる,参議院議員,日本維新の会,大阪,,1966/9/16,,empty
梅村みずほ,参議院議員,日本維新の会,大阪,,1978/9/10,,empty
高木かおり,参議院議員,日本維新の会,大阪,,1972/10/10,,empty
片山大介,参議院議員,日本維新の会,兵庫,,1966/10/6,,empty
清水貴之,参議院議員,日本維新の会,兵庫,,1974/6/29,,empty
石井あきら,参議院議員,日本維新の会,比例,,1957/5/6,,empty
石井苗子,参議院議員,日本維新の会,比例,,1954/2/25,,empty
梅村さとし,参議院議員,日本維新の会,比例,,1975/2/13,,empty
片山虎之助,参議院議員,日本維新の会,比例,,1935/8/2,,empty
柴田巧,参議院議員,日本維新の会,比例,,1960/12/11,,empty
むろい邦彦,参議院議員,日本維新の会,比例,,1947/4/10,,empty
やながせ裕文,参議院議員,日本維新の会,比例,,1974/11/8,総務会長（全国維新連絡会会長兼務）,empty
